{
	"providers":[
		{
			"type":"bitmap",
			"file":"minecraft:ranks/admin.png",
			"ascent":6,
			"height":10,
			"chars":[
				"\uE000"
			]
		},
		{
			"type":"bitmap",
			"file":"minecraft:ranks/booster.png",
			"ascent":8,
			"height":8,
			"chars":[
				"\uE001"
			]
		},
		{
			"type":"bitmap",
			"file":"minecraft:ranks/builder.png",
			"ascent":8,
			"height":8,
			"chars":[
				"\uE002"
			]
		},
		{
			"type":"bitmap",
			"file":"minecraft:ranks/helper.png",
			"ascent":8,
			"height":8,
			"chars":[
				"\uE003"
			]
		},
		{
			"type":"bitmap",
			"file":"minecraft:ranks/manager.png",
			"ascent":8,
			"height":8,
			"chars":[
				"\uE004"
			]
		},
		{
			"type":"bitmap",
			"file":"minecraft:ranks/mod.png",
			"ascent":8,
			"height":8,
			"chars":[
				"\uE005"
			]
		},
		{
			"type":"bitmap",
			"file":"minecraft:ranks/mvip.png",
			"ascent":8,
			"height":8,
			"chars":[
				"\uE006"
			]
		},
		{
			"type":"bitmap",
			"file":"minecraft:ranks/mvipplus.png",
			"ascent":8,
			"height":8,
			"chars":[
				"\uE007"
			]
		},
		{
			"type":"bitmap",
			"file":"minecraft:ranks/owner.png",
			"ascent":8,
			"height":8,
			"chars":[
				"\uE008"
			]
		},
		{
			"type":"bitmap",
			"file":"minecraft:ranks/player.png",
			"ascent":8,
			"height":8,
			"chars":[
				"\uE009"
			]
		},
		{
			"type":"bitmap",
			"file":"minecraft:ranks/sponsor.png",
			"ascent":8,
			"height":8,
			"chars":[
				"\uE00A"
			]
		},
		{
			"type":"bitmap",
			"file":"minecraft:ranks/twitch.png",
			"ascent":8,
			"height":8,
			"chars":[
				"\uE00B"
			]
		},
		{
			"type":"bitmap",
			"file":"minecraft:ranks/vip.png",
			"ascent":8,
			"height":8,
			"chars":[
				"\uE00C"
			]
		},
		{
			"type":"bitmap",
			"file":"minecraft:ranks/vipplus.png",
			"ascent":8,
			"height":8,
			"chars":[
				"\uE00D"
			]
		},
		{
			"type":"bitmap",
			"file":"minecraft:ranks/youtube.png",
			"ascent":8,
			"height":8,
			"chars":[
				"\uE00E"
			]
		},
		{
			"type":"bitmap",
			"file":"minecraft:icons/airplane.png",
			"ascent":8,
			"height":8,
			"chars":[
				"\uE00F"
			]
		},
		{
			"type":"bitmap",
			"file":"minecraft:icons/anchor.png",
			"ascent":8,
			"height":8,
			"chars":[
				"\uE010"
			]
		},
		{
			"type":"bitmap",
			"file":"minecraft:icons/apple.png",
			"ascent":8,
			"height":8,
			"chars":[
				"\uE011"
			]
		},
		{
			"type":"bitmap",
			"file":"minecraft:icons/art-palette.png",
			"ascent":8,
			"height":8,
			"chars":[
				"\uE011"
			]
		},
		{
			"type":"bitmap",
			"file":"minecraft:icons/camera.png",
			"ascent":8,
			"height":8,
			"chars":[
				"\uE012"
			]
		},
		{
			"type":"bitmap",
			"file":"minecraft:icons/castle-entrance.png",
			"ascent":8,
			"height":8,
			"chars":[
				"\uE013"
			]
		},
		{
			"type":"bitmap",
			"file":"minecraft:icons/chat-bubble.png",
			"ascent":8,
			"height":8,
			"chars":[
				"\uE014"
			]
		},
		{
			"type":"bitmap",
			"file":"minecraft:icons/checkmark.png",
			"ascent":8,
			"height":8,
			"chars":[
				"\uE015"
			]
		},
		{
			"type":"bitmap",
			"file":"minecraft:icons/clock.png",
			"ascent":8,
			"height":8,
			"chars":[
				"\uE016"
			]
		},
		{
			"type":"bitmap",
			"file":"minecraft:icons/cloud.png",
			"ascent":8,
			"height":8,
			"chars":[
				"\uE017"
			]
		},
		{
			"type":"bitmap",
			"file":"minecraft:icons/clover.png",
			"ascent":8,
			"height":8,
			"chars":[
				"\uE018"
			]
		},
		{
			"type":"bitmap",
			"file":"minecraft:icons/coffee.png",
			"ascent":8,
			"height":8,
			"chars":[
				"\uE019"
			]
		},
		{
			"type":"bitmap",
			"file":"minecraft:icons/crossed-swords.png",
			"ascent":8,
			"height":8,
			"chars":[
				"\uE01A"
			]
		},
		{
			"type":"bitmap",
			"file":"minecraft:icons/crown.png",
			"ascent":8,
			"height":8,
			"chars":[
				"\uE01B"
			]
		},
		{
			"type":"bitmap",
			"file":"minecraft:icons/diamond.png",
			"ascent":8,
			"height":8,
			"chars":[
				"\uE01C"
			]
		},
		{
			"type":"bitmap",
			"file":"minecraft:icons/dollar.png",
			"ascent":8,
			"height":8,
			"chars":[
				"\uE01D"
			]
		},
		{
			"type":"bitmap",
			"file":"minecraft:icons/earth.png",
			"ascent":8,
			"height":8,
			"chars":[
				"\uE01E"
			]
		},
		{
			"type":"bitmap",
			"file":"minecraft:icons/envelope.png",
			"ascent":8,
			"height":8,
			"chars":[
				"\uE01F"
			]
		},
		{
			"type":"bitmap",
			"file":"minecraft:icons/exclamation.png",
			"ascent":8,
			"height":8,
			"chars":[
				"\uE020"
			]
		},
		{
			"type":"bitmap",
			"file":"minecraft:icons/feather.png",
			"ascent":8,
			"height":8,
			"chars":[
				"\uE021"
			]
		},
		{
			"type":"bitmap",
			"file":"minecraft:icons/fire.png",
			"ascent":8,
			"height":8,
			"chars":[
				"\uE022"
			]
		},
		{
			"type":"bitmap",
			"file":"minecraft:icons/flower.png",
			"ascent":8,
			"height":8,
			"chars":[
				"\uE023"
			]
		},
		{
			"type":"bitmap",
			"file":"minecraft:icons/game-controller.png",
			"ascent":8,
			"height":8,
			"chars":[
				"\uE024"
			]
		},
		{
			"type":"bitmap",
			"file":"minecraft:icons/gold-coin.png",
			"ascent":8,
			"height":8,
			"chars":[
				"\uE025"
			]
		},
		{
			"type":"bitmap",
			"file":"minecraft:icons/heart.png",
			"ascent":8,
			"height":8,
			"chars":[
				"\uE026"
			]
		},
		{
			"type":"bitmap",
			"file":"minecraft:icons/high-voltage.png",
			"ascent":8,
			"height":8,
			"chars":[
				"\uE027"
			]
		},
		{
			"type":"bitmap",
			"file":"minecraft:icons/light-bulb.png",
			"ascent":8,
			"height":8,
			"chars":[
				"\uE028"
			]
		},
		{
			"type":"bitmap",
			"file":"minecraft:icons/llama-pinhata.png",
			"ascent":8,
			"height":8,
			"chars":[
				"\uE029"
			]
		},
		{
			"type":"bitmap",
			"file":"minecraft:icons/mag-glass.png",
			"ascent":8,
			"height":8,
			"chars":[
				"\uE02A"
			]
		},
		{
			"type":"bitmap",
			"file":"minecraft:icons/megaphone.png",
			"ascent":8,
			"height":8,
			"chars":[
				"\uE02B"
			]
		},
		{
			"type":"bitmap",
			"file":"minecraft:icons/moon.png",
			"ascent":8,
			"height":8,
			"chars":[
				"\uE02C"
			]
		},
		{
			"type":"bitmap",
			"file":"minecraft:icons/mushroom.png",
			"ascent":8,
			"height":8,
			"chars":[
				"\uE02D"
			]
		},
		{
			"type":"bitmap",
			"file":"minecraft:icons/music-notes.png",
			"ascent":8,
			"height":8,
			"chars":[
				"\uE02E"
			]
		},
		{
			"type":"bitmap",
			"file":"minecraft:icons/peace.png",
			"ascent":8,
			"height":8,
			"chars":[
				"\uE02F"
			]
		},
		{
			"type":"bitmap",
			"file":"minecraft:icons/pencil.png",
			"ascent":8,
			"height":8,
			"chars":[
				"\uE030"
			]
		},
		{
			"type":"bitmap",
			"file":"minecraft:icons/person.png",
			"ascent":8,
			"height":8,
			"chars":[
				"\uE031"
			]
		},
		{
			"type":"bitmap",
			"file":"minecraft:icons/pickaxe.png",
			"ascent":8,
			"height":8,
			"chars":[
				"\uE032"
			]
		},
		{
			"type":"bitmap",
			"file":"minecraft:icons/potion.png",
			"ascent":8,
			"height":8,
			"chars":[
				"\uE033"
			]
		},
		{
			"type":"bitmap",
			"file":"minecraft:icons/present-box.png",
			"ascent":8,
			"height":8,
			"chars":[
				"\uE034"
			]
		},
		{
			"type":"bitmap",
			"file":"minecraft:icons/radioactivity.png",
			"ascent":8,
			"height":8,
			"chars":[
				"\uE035"
			]
		},
		{
			"type":"bitmap",
			"file":"minecraft:icons/rainbow.png",
			"ascent":8,
			"height":8,
			"chars":[
				"\uE036"
			]
		},
		{
			"type":"bitmap",
			"file":"minecraft:icons/red-sword.png",
			"ascent":8,
			"height":8,
			"chars":[
				"\uE037"
			]
		},
		{
			"type":"bitmap",
			"file":"minecraft:icons/rocket.png",
			"ascent":8,
			"height":8,
			"chars":[
				"\uE038"
			]
		},
		{
			"type":"bitmap",
			"file":"minecraft:icons/sand-clock.png",
			"ascent":8,
			"height":8,
			"chars":[
				"\uE039"
			]
		},
		{
			"type":"bitmap",
			"file":"minecraft:icons/settings.png",
			"ascent":8,
			"height":8,
			"chars":[
				"\uE03A"
			]
		},
		{
			"type":"bitmap",
			"file":"minecraft:icons/shield.png",
			"ascent":8,
			"height":8,
			"chars":[
				"\uE03B"
			]
		},
		{
			"type":"bitmap",
			"file":"minecraft:icons/shopping-cart.png",
			"ascent":8,
			"height":8,
			"chars":[
				"\uE03C"
			]
		},
		{
			"type":"bitmap",
			"file":"minecraft:icons/skull.png",
			"ascent":8,
			"height":8,
			"chars":[
				"\uE03D"
			]
		},
		{
			"type":"bitmap",
			"file":"minecraft:icons/stacked-books.png",
			"ascent":8,
			"height":8,
			"chars":[
				"\uE03E"
			]
		},
		{
			"type":"bitmap",
			"file":"minecraft:icons/star.png",
			"ascent":8,
			"height":8,
			"chars":[
				"\uE03F"
			]
		},
		{
			"type":"bitmap",
			"file":"minecraft:icons/sun.png",
			"ascent":8,
			"height":8,
			"chars":[
				"\uE040"
			]
		},
		{
			"type":"bitmap",
			"file":"minecraft:icons/treasure.png",
			"ascent":8,
			"height":8,
			"chars":[
				"\uE041"
			]
		},
		{
			"type":"bitmap",
			"file":"minecraft:icons/tree.png",
			"ascent":8,
			"height":8,
			"chars":[
				"\uE042"
			]
		},
		{
			"type":"bitmap",
			"file":"minecraft:icons/trophy.png",
			"ascent":8,
			"height":8,
			"chars":[
				"\uE043"
			]
		},
		{
			"type":"bitmap",
			"file":"minecraft:icons/umbrella.png",
			"ascent":8,
			"height":8,
			"chars":[
				"\uE044"
			]
		},
		{
			"type":"bitmap",
			"file":"minecraft:icons/volcano.png",
			"ascent":8,
			"height":8,
			"chars":[
				"\uE045"
			]
		},
		{
			"type":"bitmap",
			"file":"minecraft:icons/warning.png",
			"ascent":8,
			"height":8,
			"chars":[
				"\uE045"
			]
		},
		{
			"type":"bitmap",
			"file":"minecraft:icons/water-drop.png",
			"ascent":8,
			"height":8,
			"chars":[
				"\uE046"
			]
		},
		{
			"type":"bitmap",
			"file":"minecraft:icons/wave.png",
			"ascent":8,
			"height":8,
			"chars":[
				"\uE047"
			]
		},
		{
			"type":"bitmap",
			"file":"minecraft:icons/x.png",
			"ascent":8,
			"height":8,
			"chars":[
				"\uE048"
			]
		}
	]
}